LV_grid,LV_osmid,Battery_capacity_kWh,Nominal_power_kW,Charging_efficiency,Discharging_efficiency
2703-23_0_4,67,12.85617177320792,5.142468709283168,0.9219544457292888,0.9219544457292888
2703-23_0_4,125,33.14927354915494,13.259709419661975,0.9219544457292888,0.9219544457292888
2703-23_0_4,181,46.82545144168654,18.730180576674616,0.9219544457292888,0.9219544457292888
2703-23_0_4,157,22.275112098593347,8.910044839437338,0.9219544457292888,0.9219544457292888
